<?xml version="1.0" encoding="UTF-8"?>
<project-private xmlns="http://www.netbeans.org/ns/project-private/1">
    <editor-bookmarks xmlns="http://www.netbeans.org/ns/editor-bookmarks/2" lastBookmarkId="0"/>
    <open-files xmlns="http://www.netbeans.org/ns/projectui-open-files/2">
        <group>
            <file>file://Mac/Home/Documents/NetBeansProjects/Lab1%202/src/poly/nhatro/ui/LoginJDialog.java</file>
            <file>file://Mac/Home/Documents/NetBeansProjects/Lab1%202/src/poly/nhatro/ui/UI.java</file>
            <file>file://Mac/Home/Documents/NetBeansProjects/Lab1%202/src/poly/nhatro/ui/WelcomeJDialog.java</file>
        </group>
    </open-files>
</project-private>
